{
    "$schema": "https://schema.management.azure.com/schemas/2015-01-01/deploymentParameters.json#",
    "contentVersion": "1.0.0.0",
    "parameters": {
        "IotHubs_indrohub_name": {
            "value": null
        },
        "servers_indro_name": {
            "value": null
        },
        "storageAccounts_indrostorage_name": {
            "value": null
        },
        "storageAccounts_indrostoragefunc_name": {
            "value": null
        },
        "serverfarms_ServicePlanb523c305_b456_name": {
            "value": null
        },
        "serverfarms_SouthCentralUSPlan_name": {
            "value": null
        },
        "sites_dispatchApi_name": {
            "value": null
        },
        "sites_indrofunction_name": {
            "value": null
        },
        "databases_dispatchDb_name": {
            "value": null
        },
        "databases_master_name": {
            "value": null
        },
        "firewallRules_AllowAllWindowsAzureIps_name": {
            "value": null
        },
        "firewallRules_ClientIPAddress_2017_0_1_22_29_18_name": {
            "value": null
        },
        "firewallRules_ClientIPAddress_2017_0_2_9_50_27_name": {
            "value": null
        }
    }
}