{
    "$schema": "https://schema.management.azure.com/schemas/2015-01-01/deploymentTemplate.json#",
    "contentVersion": "1.0.0.0",
    "parameters": {
        "IotHubs_indrohub_name": {
            "defaultValue": "indrohub",
            "type": "String"
        },
        "servers_indro_name": {
            "defaultValue": "indro",
            "type": "String"
        },
        "storageAccounts_indrostorage_name": {
            "defaultValue": "indrostorage",
            "type": "String"
        },
        "storageAccounts_indrostoragefunc_name": {
            "defaultValue": "indrostoragefunc",
            "type": "String"
        },
        "serverfarms_ServicePlanb523c305_b456_name": {
            "defaultValue": "ServicePlanb523c305-b456",
            "type": "String"
        },
        "serverfarms_SouthCentralUSPlan_name": {
            "defaultValue": "SouthCentralUSPlan",
            "type": "String"
        },
        "sites_dispatchApi_name": {
            "defaultValue": "dispatchApi",
            "type": "String"
        },
        "sites_indrofunction_name": {
            "defaultValue": "indrofunction",
            "type": "String"
        },
        "databases_dispatchDb_name": {
            "defaultValue": "indro/dispatchDb",
            "type": "String"
        },
        "databases_master_name": {
            "defaultValue": "indro/master",
            "type": "String"
        },
        "firewallRules_AllowAllWindowsAzureIps_name": {
            "defaultValue": "indro/AllowAllWindowsAzureIps",
            "type": "String"
        },
        "firewallRules_ClientIPAddress_2017_0_1_22_29_18_name": {
            "defaultValue": "indro/ClientIPAddress_2017-0-1_22-29-18",
            "type": "String"
        },
        "firewallRules_ClientIPAddress_2017_0_2_9_50_27_name": {
            "defaultValue": "indro/ClientIPAddress_2017-0-2_9-50-27",
            "type": "String"
        }
    },
    "variables": {},
    "resources": [
        {
            "comments": "Generalized from resource: '/subscriptions/69dff8c2-182e-4899-bed4-88c473643bb2/resourceGroups/indroresourcegroup/providers/Microsoft.Devices/IotHubs/indrohub'.",
            "type": "Microsoft.Devices/IotHubs",
            "sku": {
                "name": "F1",
                "tier": "Free",
                "capacity": 1
            },
            "name": "[parameters('IotHubs_indrohub_name')]",
            "apiVersion": "2016-02-03",
            "location": "eastus",
            "tags": {},
            "properties": {
                "ipFilterRules": [],
                "eventHubEndpoints": {
                    "events": {
                        "retentionTimeInDays": 1,
                        "partitionCount": 2,
                        "partitionIds": [
                            "0",
                            "1"
                        ],
                        "path": "[concat('iothub-ehub-', parameters('IotHubs_indrohub_name'),'-106950-5da0552708')]",
                        "endpoint": "sb://ihsuprodblres042dednamespace.servicebus.windows.net/"
                    },
                    "operationsMonitoringEvents": {
                        "retentionTimeInDays": 1,
                        "partitionCount": 2,
                        "partitionIds": [
                            "0",
                            "1"
                        ],
                        "path": "[concat('iothub-ehub-', parameters('IotHubs_indrohub_name'),'-106950-68710ae8d7')]",
                        "endpoint": "sb://ihsuprodblres045dednamespace.servicebus.windows.net/"
                    }
                },
                "storageEndpoints": {
                    "$default": {
                        "sasTtlAsIso8601": "PT1H",
                        "connectionString": "",
                        "containerName": ""
                    }
                },
                "enableFileUploadNotifications": false,
                "cloudToDevice": {
                    "maxDeliveryCount": 10,
                    "defaultTtlAsIso8601": "PT1H",
                    "feedback": {
                        "lockDurationAsIso8601": "PT1M",
                        "ttlAsIso8601": "PT1H",
                        "maxDeliveryCount": 10
                    }
                },
                "operationsMonitoringProperties": {
                    "events": {
                        "None": "None",
                        "Connections": "None",
                        "DeviceTelemetry": "None",
                        "C2DCommands": "None",
                        "DeviceIdentityOperations": "None",
                        "FileUploadOperations": "None",
                        "Routes": "None"
                    }
                },
                "features": "None"
            },
            "resources": [],
            "dependsOn": []
        },
        {
            "comments": "Generalized from resource: '/subscriptions/69dff8c2-182e-4899-bed4-88c473643bb2/resourceGroups/indroresourcegroup/providers/Microsoft.Sql/servers/indro'.",
            "type": "Microsoft.Sql/servers",
            "kind": "v12.0",
            "name": "[parameters('servers_indro_name')]",
            "apiVersion": "2014-04-01-preview",
            "location": "East US",
            "properties": {
                "administratorLogin": "troy",
                "administratorLoginPassword": null,
                "version": "12.0"
            },
            "resources": [],
            "dependsOn": []
        },
        {
            "comments": "Generalized from resource: '/subscriptions/69dff8c2-182e-4899-bed4-88c473643bb2/resourceGroups/indroresourcegroup/providers/Microsoft.Storage/storageAccounts/indrostorage'.",
            "type": "Microsoft.Storage/storageAccounts",
            "sku": {
                "name": "Standard_RAGRS",
                "tier": "Standard"
            },
            "kind": "Storage",
            "name": "[parameters('storageAccounts_indrostorage_name')]",
            "apiVersion": "2016-01-01",
            "location": "eastus",
            "tags": {},
            "properties": {},
            "resources": [],
            "dependsOn": []
        },
        {
            "comments": "Generalized from resource: '/subscriptions/69dff8c2-182e-4899-bed4-88c473643bb2/resourceGroups/indroresourcegroup/providers/Microsoft.Storage/storageAccounts/indrostoragefunc'.",
            "type": "Microsoft.Storage/storageAccounts",
            "sku": {
                "name": "Standard_RAGRS",
                "tier": "Standard"
            },
            "kind": "Storage",
            "name": "[parameters('storageAccounts_indrostoragefunc_name')]",
            "apiVersion": "2016-01-01",
            "location": "southcentralus",
            "tags": {},
            "properties": {},
            "resources": [],
            "dependsOn": []
        },
        {
            "comments": "Generalized from resource: '/subscriptions/69dff8c2-182e-4899-bed4-88c473643bb2/resourceGroups/indroresourcegroup/providers/Microsoft.Web/serverfarms/ServicePlanb523c305-b456'.",
            "type": "Microsoft.Web/serverfarms",
            "sku": {
                "name": "S1",
                "tier": "Standard",
                "size": "S1",
                "family": "S",
                "capacity": 1
            },
            "kind": "app",
            "name": "[parameters('serverfarms_ServicePlanb523c305_b456_name')]",
            "apiVersion": "2015-08-01",
            "location": "South Central US",
            "properties": {
                "name": "[parameters('serverfarms_ServicePlanb523c305_b456_name')]",
                "numberOfWorkers": 1
            },
            "resources": [],
            "dependsOn": []
        },
        {
            "comments": "Generalized from resource: '/subscriptions/69dff8c2-182e-4899-bed4-88c473643bb2/resourceGroups/indroresourcegroup/providers/Microsoft.Web/serverfarms/SouthCentralUSPlan'.",
            "type": "Microsoft.Web/serverfarms",
            "sku": {
                "name": "Y1",
                "tier": "Dynamic",
                "size": "Y1",
                "family": "Y",
                "capacity": 0
            },
            "kind": "functionapp",
            "name": "[parameters('serverfarms_SouthCentralUSPlan_name')]",
            "apiVersion": "2015-08-01",
            "location": "South Central US",
            "properties": {
                "name": "[parameters('serverfarms_SouthCentralUSPlan_name')]",
                "numberOfWorkers": 0
            },
            "resources": [],
            "dependsOn": []
        },
        {
            "comments": "Generalized from resource: '/subscriptions/69dff8c2-182e-4899-bed4-88c473643bb2/resourceGroups/indroresourcegroup/providers/Microsoft.Web/sites/dispatchApi'.",
            "type": "Microsoft.Web/sites",
            "kind": "mobileapp",
            "name": "[parameters('sites_dispatchApi_name')]",
            "apiVersion": "2015-08-01",
            "location": "South Central US",
            "tags": {
                "hidden-related:/subscriptions/69dff8c2-182e-4899-bed4-88c473643bb2/resourcegroups/indroresourcegroup/providers/Microsoft.Web/serverfarms/ServicePlanb523c305-b456": "empty"
            },
            "properties": {
                "name": "[parameters('sites_dispatchApi_name')]",
                "hostNames": [
                    "dispatchapi.azurewebsites.net"
                ],
                "enabledHostNames": [
                    "dispatchapi.azurewebsites.net",
                    "dispatchapi.scm.azurewebsites.net"
                ],
                "hostNameSslStates": [
                    {
                        "name": "[concat(parameters('sites_dispatchApi_name'),'dispatchapi.azurewebsites.net')]",
                        "sslState": 0,
                        "thumbprint": null,
                        "ipBasedSslState": 0
                    },
                    {
                        "name": "[concat(parameters('sites_dispatchApi_name'),'dispatchapi.scm.azurewebsites.net')]",
                        "sslState": 0,
                        "thumbprint": null,
                        "ipBasedSslState": 0
                    }
                ],
                "serverFarmId": "[resourceId('Microsoft.Web/serverfarms', parameters('serverfarms_ServicePlanb523c305_b456_name'))]"
            },
            "resources": [],
            "dependsOn": [
                "[resourceId('Microsoft.Web/serverfarms', parameters('serverfarms_ServicePlanb523c305_b456_name'))]"
            ]
        },
        {
            "comments": "Generalized from resource: '/subscriptions/69dff8c2-182e-4899-bed4-88c473643bb2/resourceGroups/indroresourcegroup/providers/Microsoft.Web/sites/indrofunction'.",
            "type": "Microsoft.Web/sites",
            "kind": "functionapp",
            "name": "[parameters('sites_indrofunction_name')]",
            "apiVersion": "2015-08-01",
            "location": "South Central US",
            "properties": {
                "name": "[parameters('sites_indrofunction_name')]",
                "hostNames": [
                    "indrofunction.azurewebsites.net"
                ],
                "enabledHostNames": [
                    "indrofunction.azurewebsites.net",
                    "indrofunction.scm.azurewebsites.net"
                ],
                "hostNameSslStates": [
                    {
                        "name": "[concat(parameters('sites_indrofunction_name'),'.azurewebsites.net')]",
                        "sslState": 0,
                        "thumbprint": null,
                        "ipBasedSslState": 0
                    },
                    {
                        "name": "[concat(parameters('sites_indrofunction_name'),'.scm.azurewebsites.net')]",
                        "sslState": 0,
                        "thumbprint": null,
                        "ipBasedSslState": 0
                    }
                ],
                "serverFarmId": "[resourceId('Microsoft.Web/serverfarms', parameters('serverfarms_SouthCentralUSPlan_name'))]"
            },
            "resources": [],
            "dependsOn": [
                "[resourceId('Microsoft.Web/serverfarms', parameters('serverfarms_SouthCentralUSPlan_name'))]"
            ]
        },
        {
            "comments": "Generalized from resource: '/subscriptions/69dff8c2-182e-4899-bed4-88c473643bb2/resourceGroups/indroresourcegroup/providers/Microsoft.Sql/servers/indro/databases/dispatchDb'.",
            "type": "Microsoft.Sql/servers/databases",
            "kind": "v12.0,user",
            "name": "[parameters('databases_dispatchDb_name')]",
            "apiVersion": "2014-04-01-preview",
            "location": "East US",
            "properties": {
                "databaseId": "d2c66046-3b46-455f-b9e4-0c916263a44f",
                "edition": "Free",
                "status": "Online",
                "serviceLevelObjective": "Free",
                "collation": "SQL_Latin1_General_CP1_CI_AS",
                "maxSizeBytes": "33554432",
                "creationDate": "2017-01-23T23:35:22.977Z",
                "currentServiceObjectiveId": "6aa3bb3e-7f50-40d6-95ef-5497c30d99d8",
                "requestedServiceObjectiveId": "6aa3bb3e-7f50-40d6-95ef-5497c30d99d8",
                "requestedServiceObjectiveName": "Free",
                "sampleName": null,
                "defaultSecondaryLocation": "West US",
                "earliestRestoreDate": "2017-01-23T23:45:51.183Z",
                "elasticPoolName": null,
                "containmentState": 2,
                "readScale": "Disabled"
            },
            "resources": [],
            "dependsOn": [
                "[resourceId('Microsoft.Sql/servers', parameters('servers_indro_name'))]"
            ]
        },
        {
            "comments": "Generalized from resource: '/subscriptions/69dff8c2-182e-4899-bed4-88c473643bb2/resourceGroups/indroresourcegroup/providers/Microsoft.Sql/servers/indro/databases/master'.",
            "type": "Microsoft.Sql/servers/databases",
            "kind": "v12.0,system",
            "name": "[parameters('databases_master_name')]",
            "apiVersion": "2014-04-01-preview",
            "location": "East US",
            "properties": {
                "databaseId": "60d28aaa-6db5-42aa-85c9-c35592d93272",
                "edition": "System",
                "status": "Online",
                "serviceLevelObjective": "System0",
                "collation": "SQL_Latin1_General_CP1_CI_AS",
                "maxSizeBytes": "32212254720",
                "creationDate": "2017-01-23T23:12:08.447Z",
                "currentServiceObjectiveId": "29dd7459-4a7c-4e56-be22-f0adda49440d",
                "requestedServiceObjectiveId": "29dd7459-4a7c-4e56-be22-f0adda49440d",
                "requestedServiceObjectiveName": "System0",
                "sampleName": null,
                "defaultSecondaryLocation": "West US",
                "earliestRestoreDate": null,
                "elasticPoolName": null,
                "containmentState": 2,
                "readScale": "Disabled"
            },
            "resources": [],
            "dependsOn": [
                "[resourceId('Microsoft.Sql/servers', parameters('servers_indro_name'))]"
            ]
        },
        {
            "comments": "Generalized from resource: '/subscriptions/69dff8c2-182e-4899-bed4-88c473643bb2/resourceGroups/indroresourcegroup/providers/Microsoft.Sql/servers/indro/firewallRules/AllowAllWindowsAzureIps'.",
            "type": "Microsoft.Sql/servers/firewallRules",
            "kind": "v12.0",
            "name": "[parameters('firewallRules_AllowAllWindowsAzureIps_name')]",
            "apiVersion": "2014-04-01-preview",
            "location": "East US",
            "properties": {
                "startIpAddress": "0.0.0.0",
                "endIpAddress": "0.0.0.0"
            },
            "resources": [],
            "dependsOn": [
                "[resourceId('Microsoft.Sql/servers', parameters('servers_indro_name'))]"
            ]
        },
        {
            "comments": "Generalized from resource: '/subscriptions/69dff8c2-182e-4899-bed4-88c473643bb2/resourceGroups/indroresourcegroup/providers/Microsoft.Sql/servers/indro/firewallRules/ClientIPAddress_2017-0-1_22-29-18'.",
            "type": "Microsoft.Sql/servers/firewallRules",
            "kind": "v12.0",
            "name": "[parameters('firewallRules_ClientIPAddress_2017_0_1_22_29_18_name')]",
            "apiVersion": "2014-04-01-preview",
            "location": "East US",
            "properties": {
                "startIpAddress": "70.67.172.109",
                "endIpAddress": "70.67.172.109"
            },
            "resources": [],
            "dependsOn": [
                "[resourceId('Microsoft.Sql/servers', parameters('servers_indro_name'))]"
            ]
        },
        {
            "comments": "Generalized from resource: '/subscriptions/69dff8c2-182e-4899-bed4-88c473643bb2/resourceGroups/indroresourcegroup/providers/Microsoft.Sql/servers/indro/firewallRules/ClientIPAddress_2017-0-2_9-50-27'.",
            "type": "Microsoft.Sql/servers/firewallRules",
            "kind": "v12.0",
            "name": "[parameters('firewallRules_ClientIPAddress_2017_0_2_9_50_27_name')]",
            "apiVersion": "2014-04-01-preview",
            "location": "East US",
            "properties": {
                "startIpAddress": "70.67.176.140",
                "endIpAddress": "70.67.176.140"
            },
            "resources": [],
            "dependsOn": [
                "[resourceId('Microsoft.Sql/servers', parameters('servers_indro_name'))]"
            ]
        }
    ]
}